{"categories":[{"id":1,"name":"wall","supercategory":"null"},{"id":2,"name":"floor","supercategory":"null"},{"id":3,"name":"cabinet","supercategory":"null"},{"id":4,"name":"bed","supercategory":"null"},{"id":5,"name":"chair","supercategory":"null"},{"id":6,"name":"sofa","supercategory":"null"},{"id":7,"name":"table","supercategory":"null"},{"id":8,"name":"door","supercategory":"null"},{"id":9,"name":"window","supercategory":"null"},{"id":10,"name":"bookshelf","supercategory":"null"},{"id":11,"name":"picture","supercategory":"null"},{"id":12,"name":"counter","supercategory":"null"},{"id":13,"name":"blinds","supercategory":"null"},{"id":14,"name":"desk","supercategory":"null"},{"id":15,"name":"shelves","supercategory":"null"},{"id":16,"name":"curtain","supercategory":"null"},{"id":17,"name":"dresser","supercategory":"null"},{"id":18,"name":"pillow","supercategory":"null"},{"id":19,"name":"mirror","supercategory":"null"},{"id":20,"name":"floor","supercategory":"null"},{"id":21,"name":"clothes","supercategory":"null"},{"id":22,"name":"ceiling","supercategory":"null"},{"id":23,"name":"books","supercategory":"null"},{"id":24,"name":"refridgerator","supercategory":"null"},{"id":25,"name":"television","supercategory":"null"},{"id":26,"name":"paper","supercategory":"null"},{"id":27,"name":"towel","supercategory":"null"},{"id":28,"name":"shower","supercategory":"null"},{"id":29,"name":"box","supercategory":"null"},{"id":30,"name":"whiteboard","supercategory":"null"},{"id":31,"name":"person","supercategory":"null"},{"id":32,"name":"night","supercategory":"null"},{"id":33,"name":"toilet","supercategory":"null"},{"id":34,"name":"sink","supercategory":"null"},{"id":35,"name":"lamp","supercategory":"null"},{"id":36,"name":"bathtub","supercategory":"null"},{"id":37,"name":"bag","supercategory":"null"},{"id":38,"name":"otherstructure","supercategory":"null"},{"id":39,"name":"otherfurniture","supercategory":"null"},{"id":40,"name":"otherprop","supercategory":"null"}],"images":[{"coco_url":"./cam0/data/0.png","date_captured":"2019-03-17 05:01:54","file_name":"./cam0/data/0.png","floorplan_ID":"3FO4MMTWI01K","id":0,"width":640,"height":480,"trajectoryID":0,"sequenceIndex":0,"timestamp":0,"shutter_speed":0,"license":1},{"coco_url":"./cam0/data/1.png","date_captured":"2019-03-17 05:01:54","file_name":"./cam0/data/1.png","floorplan_ID":"3FO4MMTWI01K","id":1,"width":640,"height":480,"trajectoryID":0,"sequenceIndex":1,"timestamp":1,"shutter_speed":0,"license":1},{"coco_url":"./cam0/data/2.png","date_captured":"2019-03-17 05:01:54","file_name":"./cam0/data/2.png","floorplan_ID":"3FO4MMTWI01K","id":2,"width":640,"height":480,"trajectoryID":0,"sequenceIndex":2,"timestamp":2,"shutter_speed":0,"license":1},{"coco_url":"./cam0/data/3.png","date_captured":"2019-03-17 05:01:54","file_name":"./cam0/data/3.png","floorplan_ID":"3FO4MMTWI01K","id":3,"width":640,"height":480,"trajectoryID":0,"sequenceIndex":3,"timestamp":3,"shutter_speed":0,"license":1},{"coco_url":"./cam0/data/4.png","date_captured":"2019-03-17 05:01:54","file_name":"./cam0/data/4.png","floorplan_ID":"3FO4MMTWI01K","id":4,"width":640,"height":480,"trajectoryID":0,"sequenceIndex":4,"timestamp":4,"shutter_speed":0,"license":1},{"coco_url":"./cam0/data/5.png","date_captured":"2019-03-17 05:01:54","file_name":"./cam0/data/5.png","floorplan_ID":"3FO4MMTWI01K","id":5,"width":640,"height":480,"trajectoryID":0,"sequenceIndex":5,"timestamp":5,"shutter_speed":0,"license":1},{"coco_url":"./cam0/data/6.png","date_captured":"2019-03-17 05:01:55","file_name":"./cam0/data/6.png","floorplan_ID":"3FO4MMTWI01K","id":6,"width":640,"height":480,"trajectoryID":0,"sequenceIndex":6,"timestamp":6,"shutter_speed":0,"license":1},{"coco_url":"./cam0/data/7.png","date_captured":"2019-03-17 05:01:55","file_name":"./cam0/data/7.png","floorplan_ID":"3FO4MMTWI01K","id":7,"width":640,"height":480,"trajectoryID":0,"sequenceIndex":7,"timestamp":7,"shutter_speed":0,"license":1},{"coco_url":"./cam0/data/8.png","date_captured":"2019-03-17 05:01:55","file_name":"./cam0/data/8.png","floorplan_ID":"3FO4MMTWI01K","id":8,"width":640,"height":480,"trajectoryID":0,"sequenceIndex":8,"timestamp":8,"shutter_speed":0,"license":1},{"coco_url":"./cam0/data/9.png","date_captured":"2019-03-17 05:01:55","file_name":"./cam0/data/9.png","floorplan_ID":"3FO4MMTWI01K","id":9,"width":640,"height":480,"trajectoryID":0,"sequenceIndex":9,"timestamp":9,"shutter_speed":0,"license":1},{"coco_url":"./cam0/data/10.png","date_captured":"2019-03-17 05:01:55","file_name":"./cam0/data/10.png","floorplan_ID":"3FO4MMTWI01K","id":10,"width":640,"height":480,"trajectoryID":0,"sequenceIndex":10,"timestamp":10,"shutter_speed":0,"license":1},{"coco_url":"./cam0/data/11.png","date_captured":"2019-03-17 05:01:55","file_name":"./cam0/data/11.png","floorplan_ID":"3FO4MMTWI01K","id":11,"width":640,"height":480,"trajectoryID":0,"sequenceIndex":11,"timestamp":11,"shutter_speed":0,"license":1},{"coco_url":"./cam0/data/12.png","date_captured":"2019-03-17 05:01:55","file_name":"./cam0/data/12.png","floorplan_ID":"3FO4MMTWI01K","id":12,"width":640,"height":480,"trajectoryID":0,"sequenceIndex":12,"timestamp":12,"shutter_speed":0,"license":1},{"coco_url":"./cam0/data/13.png","date_captured":"2019-03-17 05:01:55","file_name":"./cam0/data/13.png","floorplan_ID":"3FO4MMTWI01K","id":13,"width":640,"height":480,"trajectoryID":0,"sequenceIndex":13,"timestamp":13,"shutter_speed":0,"license":1},{"coco_url":"./cam0/data/14.png","date_captured":"2019-03-17 05:01:55","file_name":"./cam0/data/14.png","floorplan_ID":"3FO4MMTWI01K","id":14,"width":640,"height":480,"trajectoryID":0,"sequenceIndex":14,"timestamp":14,"shutter_speed":0,"license":1},{"coco_url":"./cam0/data/15.png","date_captured":"2019-03-17 05:01:55","file_name":"./cam0/data/15.png","floorplan_ID":"3FO4MMTWI01K","id":15,"width":640,"height":480,"trajectoryID":0,"sequenceIndex":15,"timestamp":15,"shutter_speed":0,"license":1},{"coco_url":"./cam0/data/16.png","date_captured":"2019-03-17 05:01:55","file_name":"./cam0/data/16.png","floorplan_ID":"3FO4MMTWI01K","id":16,"width":640,"height":480,"trajectoryID":0,"sequenceIndex":16,"timestamp":16,"shutter_speed":0,"license":1},{"coco_url":"./cam0/data/17.png","date_captured":"2019-03-17 05:01:55","file_name":"./cam0/data/17.png","floorplan_ID":"3FO4MMTWI01K","id":17,"width":640,"height":480,"trajectoryID":0,"sequenceIndex":17,"timestamp":17,"shutter_speed":0,"license":1},{"coco_url":"./cam0/data/18.png","date_captured":"2019-03-17 05:01:56","file_name":"./cam0/data/18.png","floorplan_ID":"3FO4MMTWI01K","id":18,"width":640,"height":480,"trajectoryID":0,"sequenceIndex":18,"timestamp":18,"shutter_speed":0,"license":1},{"coco_url":"./cam0/data/19.png","date_captured":"2019-03-17 05:01:56","file_name":"./cam0/data/19.png","floorplan_ID":"3FO4MMTWI01K","id":19,"width":640,"height":480,"trajectoryID":0,"sequenceIndex":19,"timestamp":19,"shutter_speed":0,"license":1}],"maskimages":[{"id":0,"mask_image_filename":"./label0/data/0_instance.png","url":"./label0/data/0_instance.png"},{"id":1,"mask_image_filename":"./label0/data/1_instance.png","url":"./label0/data/1_instance.png"},{"id":2,"mask_image_filename":"./label0/data/2_instance.png","url":"./label0/data/2_instance.png"},{"id":3,"mask_image_filename":"./label0/data/3_instance.png","url":"./label0/data/3_instance.png"},{"id":4,"mask_image_filename":"./label0/data/4_instance.png","url":"./label0/data/4_instance.png"},{"id":5,"mask_image_filename":"./label0/data/5_instance.png","url":"./label0/data/5_instance.png"},{"id":6,"mask_image_filename":"./label0/data/6_instance.png","url":"./label0/data/6_instance.png"},{"id":7,"mask_image_filename":"./label0/data/7_instance.png","url":"./label0/data/7_instance.png"},{"id":8,"mask_image_filename":"./label0/data/8_instance.png","url":"./label0/data/8_instance.png"},{"id":9,"mask_image_filename":"./label0/data/9_instance.png","url":"./label0/data/9_instance.png"},{"id":10,"mask_image_filename":"./label0/data/10_instance.png","url":"./label0/data/10_instance.png"},{"id":11,"mask_image_filename":"./label0/data/11_instance.png","url":"./label0/data/11_instance.png"},{"id":12,"mask_image_filename":"./label0/data/12_instance.png","url":"./label0/data/12_instance.png"},{"id":13,"mask_image_filename":"./label0/data/13_instance.png","url":"./label0/data/13_instance.png"},{"id":14,"mask_image_filename":"./label0/data/14_instance.png","url":"./label0/data/14_instance.png"},{"id":15,"mask_image_filename":"./label0/data/15_instance.png","url":"./label0/data/15_instance.png"},{"id":16,"mask_image_filename":"./label0/data/16_instance.png","url":"./label0/data/16_instance.png"},{"id":17,"mask_image_filename":"./label0/data/17_instance.png","url":"./label0/data/17_instance.png"},{"id":18,"mask_image_filename":"./label0/data/18_instance.png","url":"./label0/data/18_instance.png"},{"id":19,"mask_image_filename":"./label0/data/19_instance.png","url":"./label0/data/19_instance.png"}],"annotations":[{"area":140112,"bbox":[304,63,639,479],"category_id":9,"id":0,"image_id":0,"iscrowd":0,"mask_image_id":0,"label_id":9},{"area":148596,"bbox":[292,53,639,479],"category_id":40,"id":1,"image_id":0,"iscrowd":0,"mask_image_id":0,"label_id":40},{"area":307200,"bbox":[0,0,639,479],"category_id":1,"id":2,"image_id":0,"iscrowd":0,"mask_image_id":0,"label_id":1},{"area":20570,"bbox":[0,310,120,479],"category_id":9,"id":3,"image_id":1,"iscrowd":0,"mask_image_id":1,"label_id":9},{"area":1360,"bbox":[118,310,125,479],"category_id":40,"id":4,"image_id":1,"iscrowd":0,"mask_image_id":1,"label_id":40},{"area":109440,"bbox":[0,0,639,170],"category_id":22,"id":5,"image_id":1,"iscrowd":0,"mask_image_id":1,"label_id":22},{"area":292480,"bbox":[0,23,639,479],"category_id":1,"id":6,"image_id":1,"iscrowd":0,"mask_image_id":1,"label_id":1},{"area":80920,"bbox":[300,242,639,479],"category_id":9,"id":7,"image_id":2,"iscrowd":0,"mask_image_id":2,"label_id":9},{"area":5712,"bbox":[290,242,313,479],"category_id":40,"id":8,"image_id":2,"iscrowd":0,"mask_image_id":2,"label_id":40},{"area":47163,"bbox":[0,0,596,78],"category_id":22,"id":9,"image_id":2,"iscrowd":0,"mask_image_id":2,"label_id":22},{"area":307200,"bbox":[0,0,639,479],"category_id":1,"id":10,"image_id":2,"iscrowd":0,"mask_image_id":2,"label_id":1},{"area":51832,"bbox":[392,271,639,479],"category_id":9,"id":11,"image_id":3,"iscrowd":0,"mask_image_id":3,"label_id":9},{"area":54180,"bbox":[382,270,639,479],"category_id":40,"id":12,"image_id":3,"iscrowd":0,"mask_image_id":3,"label_id":40},{"area":94720,"bbox":[0,0,639,147],"category_id":22,"id":13,"image_id":3,"iscrowd":0,"mask_image_id":3,"label_id":22},{"area":294400,"bbox":[0,20,639,479],"category_id":1,"id":14,"image_id":3,"iscrowd":0,"mask_image_id":3,"label_id":1},{"area":106536,"bbox":[0,166,385,441],"category_id":9,"id":15,"image_id":4,"iscrowd":0,"mask_image_id":4,"label_id":9},{"area":109624,"bbox":[0,163,385,446],"category_id":40,"id":16,"image_id":4,"iscrowd":0,"mask_image_id":4,"label_id":40},{"area":12393,"bbox":[0,0,458,26],"category_id":22,"id":17,"image_id":4,"iscrowd":0,"mask_image_id":4,"label_id":22},{"area":307200,"bbox":[0,0,639,479],"category_id":1,"id":18,"image_id":4,"iscrowd":0,"mask_image_id":4,"label_id":1},{"area":117832,"bbox":[110,171,521,456],"category_id":9,"id":19,"image_id":5,"iscrowd":0,"mask_image_id":5,"label_id":9},{"area":123353,"bbox":[101,169,521,461],"category_id":40,"id":20,"image_id":5,"iscrowd":0,"mask_image_id":5,"label_id":40},{"area":30975,"bbox":[0,0,524,58],"category_id":22,"id":21,"image_id":5,"iscrowd":0,"mask_image_id":5,"label_id":22},{"area":307200,"bbox":[0,0,639,479],"category_id":1,"id":22,"image_id":5,"iscrowd":0,"mask_image_id":5,"label_id":1},{"area":27930,"bbox":[346,0,639,94],"category_id":9,"id":23,"image_id":6,"iscrowd":0,"mask_image_id":6,"label_id":9},{"area":1746,"bbox":[336,0,353,96],"category_id":40,"id":24,"image_id":6,"iscrowd":0,"mask_image_id":6,"label_id":40},{"area":142720,"bbox":[0,257,639,479],"category_id":2,"id":25,"image_id":6,"iscrowd":0,"mask_image_id":6,"label_id":2},{"area":211200,"bbox":[0,0,639,329],"category_id":1,"id":26,"image_id":6,"iscrowd":0,"mask_image_id":6,"label_id":1},{"area":147200,"bbox":[0,250,639,479],"category_id":2,"id":27,"image_id":7,"iscrowd":0,"mask_image_id":7,"label_id":2},{"area":307200,"bbox":[0,0,639,479],"category_id":1,"id":28,"image_id":7,"iscrowd":0,"mask_image_id":7,"label_id":1},{"area":27594,"bbox":[0,407,377,479],"category_id":2,"id":29,"image_id":8,"iscrowd":0,"mask_image_id":8,"label_id":2},{"area":307200,"bbox":[0,0,639,479],"category_id":1,"id":30,"image_id":8,"iscrowd":0,"mask_image_id":8,"label_id":1},{"area":6021,"bbox":[0,257,26,479],"category_id":8,"id":31,"image_id":9,"iscrowd":0,"mask_image_id":9,"label_id":8},{"area":54400,"bbox":[0,0,639,84],"category_id":22,"id":32,"image_id":9,"iscrowd":0,"mask_image_id":9,"label_id":22},{"area":301440,"bbox":[0,9,639,479],"category_id":1,"id":33,"image_id":9,"iscrowd":0,"mask_image_id":9,"label_id":1},{"area":7710,"bbox":[92,0,348,29],"category_id":22,"id":34,"image_id":10,"iscrowd":0,"mask_image_id":10,"label_id":22},{"area":307200,"bbox":[0,0,639,479],"category_id":1,"id":35,"image_id":10,"iscrowd":0,"mask_image_id":10,"label_id":1},{"area":26280,"bbox":[309,334,488,479],"category_id":8,"id":36,"image_id":11,"iscrowd":0,"mask_image_id":11,"label_id":8},{"area":2190,"bbox":[302,334,316,479],"category_id":40,"id":37,"image_id":11,"iscrowd":0,"mask_image_id":11,"label_id":40},{"area":98560,"bbox":[0,0,639,153],"category_id":22,"id":38,"image_id":11,"iscrowd":0,"mask_image_id":11,"label_id":22},{"area":270720,"bbox":[0,57,639,479],"category_id":1,"id":39,"image_id":11,"iscrowd":0,"mask_image_id":11,"label_id":1},{"area":131840,"bbox":[0,0,639,205],"category_id":22,"id":40,"image_id":12,"iscrowd":0,"mask_image_id":12,"label_id":22},{"area":266240,"bbox":[0,64,639,479],"category_id":1,"id":41,"image_id":12,"iscrowd":0,"mask_image_id":12,"label_id":1},{"area":10150,"bbox":[260,451,609,479],"category_id":9,"id":42,"image_id":13,"iscrowd":0,"mask_image_id":13,"label_id":9},{"area":174,"bbox":[255,451,260,479],"category_id":40,"id":43,"image_id":13,"iscrowd":0,"mask_image_id":13,"label_id":40},{"area":200320,"bbox":[0,0,639,312],"category_id":22,"id":44,"image_id":13,"iscrowd":0,"mask_image_id":13,"label_id":22},{"area":133760,"bbox":[0,271,639,479],"category_id":1,"id":45,"image_id":13,"iscrowd":0,"mask_image_id":13,"label_id":1},{"area":92340,"bbox":[298,182,639,451],"category_id":9,"id":46,"image_id":14,"iscrowd":0,"mask_image_id":14,"label_id":9},{"area":95220,"bbox":[295,182,639,457],"category_id":40,"id":47,"image_id":14,"iscrowd":0,"mask_image_id":14,"label_id":40},{"area":13464,"bbox":[266,0,639,35],"category_id":22,"id":48,"image_id":14,"iscrowd":0,"mask_image_id":14,"label_id":22},{"area":307200,"bbox":[0,0,639,479],"category_id":1,"id":49,"image_id":14,"iscrowd":0,"mask_image_id":14,"label_id":1},{"area":15012,"bbox":[0,120,53,397],"category_id":9,"id":50,"image_id":15,"iscrowd":0,"mask_image_id":15,"label_id":9},{"area":17670,"bbox":[0,115,61,399],"category_id":40,"id":51,"image_id":15,"iscrowd":0,"mask_image_id":15,"label_id":40},{"area":1615,"bbox":[99,0,183,18],"category_id":22,"id":52,"image_id":15,"iscrowd":0,"mask_image_id":15,"label_id":22},{"area":307200,"bbox":[0,0,639,479],"category_id":1,"id":53,"image_id":15,"iscrowd":0,"mask_image_id":15,"label_id":1},{"area":58590,"bbox":[0,140,185,454],"category_id":9,"id":54,"image_id":16,"iscrowd":0,"mask_image_id":16,"label_id":9},{"area":62339,"bbox":[0,137,192,459],"category_id":40,"id":55,"image_id":16,"iscrowd":0,"mask_image_id":16,"label_id":40},{"area":6256,"bbox":[162,0,345,33],"category_id":22,"id":56,"image_id":16,"iscrowd":0,"mask_image_id":16,"label_id":22},{"area":307200,"bbox":[0,0,639,479],"category_id":1,"id":57,"image_id":16,"iscrowd":0,"mask_image_id":16,"label_id":1},{"area":13668,"bbox":[9,0,209,67],"category_id":9,"id":58,"image_id":17,"iscrowd":0,"mask_image_id":17,"label_id":9},{"area":10656,"bbox":[75,0,222,71],"category_id":40,"id":59,"image_id":17,"iscrowd":0,"mask_image_id":17,"label_id":40},{"area":116480,"bbox":[0,298,639,479],"category_id":2,"id":60,"image_id":17,"iscrowd":0,"mask_image_id":17,"label_id":2},{"area":307200,"bbox":[0,0,639,479],"category_id":1,"id":61,"image_id":17,"iscrowd":0,"mask_image_id":17,"label_id":1},{"area":33020,"bbox":[0,0,253,129],"category_id":9,"id":62,"image_id":18,"iscrowd":0,"mask_image_id":18,"label_id":9},{"area":19140,"bbox":[118,0,262,131],"category_id":40,"id":63,"image_id":18,"iscrowd":0,"mask_image_id":18,"label_id":40},{"area":96640,"bbox":[0,329,639,479],"category_id":2,"id":64,"image_id":18,"iscrowd":0,"mask_image_id":18,"label_id":2},{"area":248960,"bbox":[0,0,639,388],"category_id":1,"id":65,"image_id":18,"iscrowd":0,"mask_image_id":18,"label_id":1},{"area":154440,"bbox":[0,0,439,350],"category_id":9,"id":66,"image_id":19,"iscrowd":0,"mask_image_id":19,"label_id":9},{"area":159300,"bbox":[0,0,449,353],"category_id":40,"id":67,"image_id":19,"iscrowd":0,"mask_image_id":19,"label_id":40},{"area":307200,"bbox":[0,0,639,479],"category_id":1,"id":68,"image_id":19,"iscrowd":0,"mask_image_id":19,"label_id":1}],"info":{"contributor":"","date_created":"2019-03:17","description":"","url":"","version":"","year":2017},"licenses":{"id":1,"name":"","url":""}}